{
  "__type__": "cc.SpriteFrame",
  "content": {
    "name": "boss-2",
    "atlas": "",
    "rect": {
      "x": 3,
      "y": 3,
      "width": 802,
      "height": 494
    },
    "offset": {
      "x": 0,
      "y": 0
    },
    "originalSize": {
      "width": 808,
      "height": 500
    },
    "rotated": false,
    "capInsets": [
      0,
      0,
      0,
      0
    ],
    "vertices": {
      "rawPosition": [
        -401,
        -247,
        0,
        401,
        -247,
        0,
        -401,
        247,
        0,
        401,
        247,
        0
      ],
      "indexes": [
        0,
        1,
        2,
        2,
        1,
        3
      ],
      "uv": [
        3,
        497,
        805,
        497,
        3,
        3,
        805,
        3
      ],
      "nuv": [
        0.0037128712871287127,
        0.006,
        0.9962871287128713,
        0.006,
        0.0037128712871287127,
        0.994,
        0.9962871287128713,
        0.994
      ],
      "minPos": {
        "x": -401,
        "y": -247,
        "z": 0
      },
      "maxPos": {
        "x": 401,
        "y": 247,
        "z": 0
      }
    },
    "texture": "5e5d4fb3-d892-421c-9f72-617a77f77444@6c48a",
    "packable": true,
    "pixelsToUnit": 100,
    "pivot": {
      "x": 0.5,
      "y": 0.5
    },
    "meshType": 0
  }
}