{
  "__type__": "cc.SpriteFrame",
  "content": {
    "name": "explosion7",
    "atlas": "",
    "rect": {
      "x": 60,
      "y": 58,
      "width": 186,
      "height": 183
    },
    "offset": {
      "x": -1.5,
      "y": 5
    },
    "originalSize": {
      "width": 309,
      "height": 309
    },
    "rotated": false,
    "capInsets": [
      0,
      0,
      0,
      0
    ],
    "vertices": {
      "rawPosition": [
        -93,
        -91.5,
        0,
        93,
        -91.5,
        0,
        -93,
        91.5,
        0,
        93,
        91.5,
        0
      ],
      "indexes": [
        0,
        1,
        2,
        2,
        1,
        3
      ],
      "uv": [
        60,
        251,
        246,
        251,
        60,
        68,
        246,
        68
      ],
      "nuv": [
        0.1941747572815534,
        0.22006472491909385,
        0.7961165048543689,
        0.22006472491909385,
        0.1941747572815534,
        0.8122977346278317,
        0.7961165048543689,
        0.8122977346278317
      ],
      "minPos": {
        "x": -93,
        "y": -91.5,
        "z": 0
      },
      "maxPos": {
        "x": 93,
        "y": 91.5,
        "z": 0
      }
    },
    "texture": "3d3162de-6296-432a-aa38-0e36af970cbf@6c48a",
    "packable": true,
    "pixelsToUnit": 100,
    "pivot": {
      "x": 0.5,
      "y": 0.5
    },
    "meshType": 0
  }
}