{
  "__type__": "cc.SpriteFrame",
  "content": {
    "name": "explosion4",
    "atlas": "",
    "rect": {
      "x": 32,
      "y": 30,
      "width": 245,
      "height": 248
    },
    "offset": {
      "x": 0,
      "y": 0.5
    },
    "originalSize": {
      "width": 309,
      "height": 309
    },
    "rotated": false,
    "capInsets": [
      0,
      0,
      0,
      0
    ],
    "vertices": {
      "rawPosition": [
        -122.5,
        -124,
        0,
        122.5,
        -124,
        0,
        -122.5,
        124,
        0,
        122.5,
        124,
        0
      ],
      "indexes": [
        0,
        1,
        2,
        2,
        1,
        3
      ],
      "uv": [
        32,
        279,
        277,
        279,
        32,
        31,
        277,
        31
      ],
      "nuv": [
        0.10355987055016182,
        0.10032362459546926,
        0.8964401294498382,
        0.10032362459546926,
        0.10355987055016182,
        0.9029126213592233,
        0.8964401294498382,
        0.9029126213592233
      ],
      "minPos": {
        "x": -122.5,
        "y": -124,
        "z": 0
      },
      "maxPos": {
        "x": 122.5,
        "y": 124,
        "z": 0
      }
    },
    "texture": "2cb48be9-5fed-4449-b1aa-ec8e93bc72c4@6c48a",
    "packable": true,
    "pixelsToUnit": 100,
    "pivot": {
      "x": 0.5,
      "y": 0.5
    },
    "meshType": 0
  }
}