{
  "__type__": "cc.SpriteFrame",
  "content": {
    "name": "explosion1",
    "atlas": "",
    "rect": {
      "x": 2,
      "y": 2,
      "width": 305,
      "height": 305
    },
    "offset": {
      "x": 0,
      "y": 0
    },
    "originalSize": {
      "width": 309,
      "height": 309
    },
    "rotated": false,
    "capInsets": [
      0,
      0,
      0,
      0
    ],
    "vertices": {
      "rawPosition": [
        -152.5,
        -152.5,
        0,
        152.5,
        -152.5,
        0,
        -152.5,
        152.5,
        0,
        152.5,
        152.5,
        0
      ],
      "indexes": [
        0,
        1,
        2,
        2,
        1,
        3
      ],
      "uv": [
        2,
        307,
        307,
        307,
        2,
        2,
        307,
        2
      ],
      "nuv": [
        0.006472491909385114,
        0.006472491909385114,
        0.9935275080906149,
        0.006472491909385114,
        0.006472491909385114,
        0.9935275080906149,
        0.9935275080906149,
        0.9935275080906149
      ],
      "minPos": {
        "x": -152.5,
        "y": -152.5,
        "z": 0
      },
      "maxPos": {
        "x": 152.5,
        "y": 152.5,
        "z": 0
      }
    },
    "texture": "214a6156-61b6-4222-ba7b-168fd7740a4d@6c48a",
    "packable": true,
    "pixelsToUnit": 100,
    "pivot": {
      "x": 0.5,
      "y": 0.5
    },
    "meshType": 0
  }
}