{
  "__type__": "cc.SpriteFrame",
  "content": {
    "name": "boss-3",
    "atlas": "",
    "rect": {
      "x": 4,
      "y": 3,
      "width": 492,
      "height": 769
    },
    "offset": {
      "x": 0,
      "y": 3
    },
    "originalSize": {
      "width": 500,
      "height": 781
    },
    "rotated": false,
    "capInsets": [
      0,
      0,
      0,
      0
    ],
    "vertices": {
      "rawPosition": [
        -246,
        -384.5,
        0,
        246,
        -384.5,
        0,
        -246,
        384.5,
        0,
        246,
        384.5,
        0
      ],
      "indexes": [
        0,
        1,
        2,
        2,
        1,
        3
      ],
      "uv": [
        4,
        778,
        496,
        778,
        4,
        9,
        496,
        9
      ],
      "nuv": [
        0.008,
        0.011523687580025609,
        0.992,
        0.011523687580025609,
        0.008,
        0.9961587708066582,
        0.992,
        0.9961587708066582
      ],
      "minPos": {
        "x": -246,
        "y": -384.5,
        "z": 0
      },
      "maxPos": {
        "x": 246,
        "y": 384.5,
        "z": 0
      }
    },
    "texture": "6ddc27c8-224f-46a0-8a45-7d62fe834976@6c48a",
    "packable": true,
    "pixelsToUnit": 100,
    "pivot": {
      "x": 0.5,
      "y": 0.5
    },
    "meshType": 0
  }
}