{
  "__type__": "cc.SpriteFrame",
  "content": {
    "name": "explosion3",
    "atlas": "",
    "rect": {
      "x": 23,
      "y": 20,
      "width": 258,
      "height": 262
    },
    "offset": {
      "x": -2.5,
      "y": 3.5
    },
    "originalSize": {
      "width": 309,
      "height": 309
    },
    "rotated": false,
    "capInsets": [
      0,
      0,
      0,
      0
    ],
    "vertices": {
      "rawPosition": [
        -129,
        -131,
        0,
        129,
        -131,
        0,
        -129,
        131,
        0,
        129,
        131,
        0
      ],
      "indexes": [
        0,
        1,
        2,
        2,
        1,
        3
      ],
      "uv": [
        23,
        289,
        281,
        289,
        23,
        27,
        281,
        27
      ],
      "nuv": [
        0.0744336569579288,
        0.08737864077669903,
        0.9093851132686084,
        0.08737864077669903,
        0.0744336569579288,
        0.9352750809061489,
        0.9093851132686084,
        0.9352750809061489
      ],
      "minPos": {
        "x": -129,
        "y": -131,
        "z": 0
      },
      "maxPos": {
        "x": 129,
        "y": 131,
        "z": 0
      }
    },
    "texture": "2ad9d672-6c98-47fa-b111-938ad8255fb8@6c48a",
    "packable": true,
    "pixelsToUnit": 100,
    "pivot": {
      "x": 0.5,
      "y": 0.5
    },
    "meshType": 0
  }
}