{
  "__type__": "cc.SpriteFrame",
  "content": {
    "name": "explosion2",
    "atlas": "",
    "rect": {
      "x": 31,
      "y": 27,
      "width": 254,
      "height": 254
    },
    "offset": {
      "x": 3.5,
      "y": 0.5
    },
    "originalSize": {
      "width": 309,
      "height": 309
    },
    "rotated": false,
    "capInsets": [
      0,
      0,
      0,
      0
    ],
    "vertices": {
      "rawPosition": [
        -127,
        -127,
        0,
        127,
        -127,
        0,
        -127,
        127,
        0,
        127,
        127,
        0
      ],
      "indexes": [
        0,
        1,
        2,
        2,
        1,
        3
      ],
      "uv": [
        31,
        282,
        285,
        282,
        31,
        28,
        285,
        28
      ],
      "nuv": [
        0.10032362459546926,
        0.09061488673139159,
        0.9223300970873787,
        0.09061488673139159,
        0.10032362459546926,
        0.912621359223301,
        0.9223300970873787,
        0.912621359223301
      ],
      "minPos": {
        "x": -127,
        "y": -127,
        "z": 0
      },
      "maxPos": {
        "x": 127,
        "y": 127,
        "z": 0
      }
    },
    "texture": "0a8d8f6a-879c-4f1d-a3d7-ea869f6763c6@6c48a",
    "packable": true,
    "pixelsToUnit": 100,
    "pivot": {
      "x": 0.5,
      "y": 0.5
    },
    "meshType": 0
  }
}