{
  "__type__": "cc.SpriteFrame",
  "content": {
    "name": "explosion8",
    "atlas": "",
    "rect": {
      "x": 63,
      "y": 59,
      "width": 183,
      "height": 186
    },
    "offset": {
      "x": 0,
      "y": 2.5
    },
    "originalSize": {
      "width": 309,
      "height": 309
    },
    "rotated": false,
    "capInsets": [
      0,
      0,
      0,
      0
    ],
    "vertices": {
      "rawPosition": [
        -91.5,
        -93,
        0,
        91.5,
        -93,
        0,
        -91.5,
        93,
        0,
        91.5,
        93,
        0
      ],
      "indexes": [
        0,
        1,
        2,
        2,
        1,
        3
      ],
      "uv": [
        63,
        250,
        246,
        250,
        63,
        64,
        246,
        64
      ],
      "nuv": [
        0.20388349514563106,
        0.20711974110032363,
        0.7961165048543689,
        0.20711974110032363,
        0.20388349514563106,
        0.8090614886731392,
        0.7961165048543689,
        0.8090614886731392
      ],
      "minPos": {
        "x": -91.5,
        "y": -93,
        "z": 0
      },
      "maxPos": {
        "x": 91.5,
        "y": 93,
        "z": 0
      }
    },
    "texture": "1d105049-4761-44b5-9ec1-2be2ed89bce6@6c48a",
    "packable": true,
    "pixelsToUnit": 100,
    "pivot": {
      "x": 0.5,
      "y": 0.5
    },
    "meshType": 0
  }
}