{
  "__type__": "cc.SpriteFrame",
  "content": {
    "name": "toggle-music-off",
    "atlas": "",
    "rect": {
      "x": 0,
      "y": 0,
      "width": 846,
      "height": 161
    },
    "offset": {
      "x": 0,
      "y": 0.5
    },
    "originalSize": {
      "width": 846,
      "height": 162
    },
    "rotated": false,
    "capInsets": [
      0,
      0,
      0,
      0
    ],
    "vertices": {
      "rawPosition": [
        -423,
        -80.5,
        0,
        423,
        -80.5,
        0,
        -423,
        80.5,
        0,
        423,
        80.5,
        0
      ],
      "indexes": [
        0,
        1,
        2,
        2,
        1,
        3
      ],
      "uv": [
        0,
        162,
        846,
        162,
        0,
        1,
        846,
        1
      ],
      "nuv": [
        0,
        0.006172839506172839,
        1,
        0.006172839506172839,
        0,
        1,
        1,
        1
      ],
      "minPos": {
        "x": -423,
        "y": -80.5,
        "z": 0
      },
      "maxPos": {
        "x": 423,
        "y": 80.5,
        "z": 0
      }
    },
    "texture": "8a336760-b637-4a76-a43d-fb42bf952e4f@6c48a",
    "packable": true,
    "pixelsToUnit": 100,
    "pivot": {
      "x": 0.5,
      "y": 0.5
    },
    "meshType": 0
  }
}