{
  "__type__": "cc.SpriteFrame",
  "content": {
    "name": "explosion6",
    "atlas": "",
    "rect": {
      "x": 51,
      "y": 51,
      "width": 206,
      "height": 200
    },
    "offset": {
      "x": -0.5,
      "y": 3.5
    },
    "originalSize": {
      "width": 309,
      "height": 309
    },
    "rotated": false,
    "capInsets": [
      0,
      0,
      0,
      0
    ],
    "vertices": {
      "rawPosition": [
        -103,
        -100,
        0,
        103,
        -100,
        0,
        -103,
        100,
        0,
        103,
        100,
        0
      ],
      "indexes": [
        0,
        1,
        2,
        2,
        1,
        3
      ],
      "uv": [
        51,
        258,
        257,
        258,
        51,
        58,
        257,
        58
      ],
      "nuv": [
        0.1650485436893204,
        0.18770226537216828,
        0.8317152103559871,
        0.18770226537216828,
        0.1650485436893204,
        0.8349514563106796,
        0.8317152103559871,
        0.8349514563106796
      ],
      "minPos": {
        "x": -103,
        "y": -100,
        "z": 0
      },
      "maxPos": {
        "x": 103,
        "y": 100,
        "z": 0
      }
    },
    "texture": "90877019-6a97-433a-a373-5b671794e3ad@6c48a",
    "packable": true,
    "pixelsToUnit": 100,
    "pivot": {
      "x": 0.5,
      "y": 0.5
    },
    "meshType": 0
  }
}