{
  "__type__": "cc.SpriteFrame",
  "content": {
    "name": "explosion5",
    "atlas": "",
    "rect": {
      "x": 51,
      "y": 48,
      "width": 207,
      "height": 210
    },
    "offset": {
      "x": 0,
      "y": 1.5
    },
    "originalSize": {
      "width": 309,
      "height": 309
    },
    "rotated": false,
    "capInsets": [
      0,
      0,
      0,
      0
    ],
    "vertices": {
      "rawPosition": [
        -103.5,
        -105,
        0,
        103.5,
        -105,
        0,
        -103.5,
        105,
        0,
        103.5,
        105,
        0
      ],
      "indexes": [
        0,
        1,
        2,
        2,
        1,
        3
      ],
      "uv": [
        51,
        261,
        258,
        261,
        51,
        51,
        258,
        51
      ],
      "nuv": [
        0.1650485436893204,
        0.1650485436893204,
        0.8349514563106796,
        0.1650485436893204,
        0.1650485436893204,
        0.8446601941747572,
        0.8349514563106796,
        0.8446601941747572
      ],
      "minPos": {
        "x": -103.5,
        "y": -105,
        "z": 0
      },
      "maxPos": {
        "x": 103.5,
        "y": 105,
        "z": 0
      }
    },
    "texture": "d19a878e-bac1-4481-9684-32ec63ceb240@6c48a",
    "packable": true,
    "pixelsToUnit": 100,
    "pivot": {
      "x": 0.5,
      "y": 0.5
    },
    "meshType": 0
  }
}